{
  "generated_at": "2025-09-02 12:06:18",
  "rows": 10000,
  "columns": 14,
  "numeric_columns": [
    "CustomerId",
    "CreditScore",
    "Age",
    "Tenure",
    "Balance",
    "NumOfProducts",
    "HasCrCard",
    "IsActiveMember",
    "EstimatedSalary",
    "Exited"
  ],
  "categorical_columns": [
    "Surname",
    "Geography",
    "Gender"
  ],
  "describe": {
    "CustomerId": {
      "count": 10000.0,
      "mean": 15690940.5694,
      "std": 71936.1861,
      "min": 15565701.0,
      "25%": 15628528.25,
      "50%": 15690738.0,
      "75%": 15753233.75,
      "max": 15815690.0
    },
    "CreditScore": {
      "count": 10000.0,
      "mean": 650.5288,
      "std": 96.6533,
      "min": 350.0,
      "25%": 584.0,
      "50%": 652.0,
      "75%": 718.0,
      "max": 850.0
    },
    "Age": {
      "count": 10000.0,
      "mean": 38.9218,
      "std": 10.4878,
      "min": 18.0,
      "25%": 32.0,
      "50%": 37.0,
      "75%": 44.0,
      "max": 92.0
    },
    "Tenure": {
      "count": 10000.0,
      "mean": 5.0128,
      "std": 2.8922,
      "min": 0.0,
      "25%": 3.0,
      "50%": 5.0,
      "75%": 7.0,
      "max": 10.0
    },
    "Balance": {
      "count": 10000.0,
      "mean": 76485.8893,
      "std": 62397.4052,
      "min": 0.0,
      "25%": 0.0,
      "50%": 97198.54,
      "75%": 127644.24,
      "max": 250898.09
    },
    "NumOfProducts": {
      "count": 10000.0,
      "mean": 1.5302,
      "std": 0.5817,
      "min": 1.0,
      "25%": 1.0,
      "50%": 1.0,
      "75%": 2.0,
      "max": 4.0
    },
    "HasCrCard": {
      "count": 10000.0,
      "mean": 0.7055,
      "std": 0.4558,
      "min": 0.0,
      "25%": 0.0,
      "50%": 1.0,
      "75%": 1.0,
      "max": 1.0
    },
    "IsActiveMember": {
      "count": 10000.0,
      "mean": 0.5151,
      "std": 0.4998,
      "min": 0.0,
      "25%": 0.0,
      "50%": 1.0,
      "75%": 1.0,
      "max": 1.0
    },
    "EstimatedSalary": {
      "count": 10000.0,
      "mean": 100090.2399,
      "std": 57510.4928,
      "min": 11.58,
      "25%": 51002.11,
      "50%": 100193.915,
      "75%": 149388.2475,
      "max": 199992.48
    },
    "Exited": {
      "count": 10000.0,
      "mean": 0.2037,
      "std": 0.4028,
      "min": 0.0,
      "25%": 0.0,
      "50%": 0.0,
      "75%": 0.0,
      "max": 1.0
    }
  }
}