state/region,ages,year,population
AL,under18,2012,1117489.0
AL,total,2012,4817528.0
AL,under18,2010,1130966.0
AL,total,2010,4785570.0
AL,under18,2011,1125763.0
AL,total,2011,4801627.0
AL,total,2009,4757938.0
AL,under18,2009,1134192.0
AL,under18,2013,1111481.0
AL,total,2013,4833722.0
AL,total,2007,4672840.0
AL,under18,2007,1132296.0
AL,total,2008,4718206.0
AL,under18,2008,1134927.0
AL,total,2005,4569805.0
AL,under18,2005,1117229.0
AL,total,2006,4628981.0
AL,under18,2006,1126798.0
AL,total,2004,4530729.0
AL,under18,2004,1113662.0
AL,total,2003,4503491.0
AL,under18,2003,1113083.0
AL,total,2001,4467634.0
AL,under18,2001,1120409.0
AL,total,2002,4480089.0
AL,under18,2002,1116590.0
AL,under18,1999,1121287.0
AL,total,1999,4430141.0
AL,total,2000,4452173.0
AL,under18,2000,1122273.0
AL,total,1998,4404701.0
AL,under18,1998,1118252.0
AL,under18,1997,1122893.0
AL,total,1997,4367935.0
AL,total,1996,4331103.0
AL,total,1995,4296800.0
AL,under18,1995,1110553.0
AL,under18,1996,1112092.0
AL,total,1994,4260229.0
AL,total,1993,4214202.0
AL,under18,1993,1085606.0
AL,under18,1994,1097180.0
AL,under18,1992,1072873.0
AL,total,1992,4154014.0
AL,total,1991,4099156.0
AL,under18,1991,1060794.0
AL,under18,1990,1050041.0
AL,total,1990,4050055.0
AK,total,1990,553290.0
AK,under18,1990,177502.0
AK,total,1992,588736.0
AK,under18,1991,182180.0
AK,under18,1992,184878.0
AK,total,1994,603308.0
AK,under18,1994,187439.0
AK,total,1991,570193.0
AK,total,1993,599434.0
AK,under18,1993,187190.0
AK,total,1995,604412.0
AK,under18,1995,184990.0
AK,total,1996,608569.0
AK,under18,1996,185360.0
AK,under18,1997,188280.0
AK,under18,1998,192636.0
AK,total,1998,619933.0
AK,total,1997,612968.0
AK,under18,1999,191422.0
AK,total,1999,624779.0
AK,total,2000,627963.0
AK,under18,2000,190615.0
AK,total,2001,633714.0
AK,under18,2001,188771.0
AK,total,2002,642337.0
AK,under18,2002,188482.0
AK,total,2003,648414.0
AK,under18,2003,186843.0
AK,total,2004,659286.0
AK,under18,2004,186335.0
AK,total,2005,666946.0
AK,under18,2005,185304.0
AK,total,2006,675302.0
AK,under18,2006,185580.0
AK,total,2007,680300.0
AK,under18,2007,184344.0
AK,total,2008,687455.0
AK,under18,2008,183124.0
AK,under18,2013,188132.0
AK,total,2013,735132.0
AK,total,2009,698895.0
AK,under18,2009,186351.0
AK,under18,2010,187902.0
AK,total,2010,713868.0
AK,under18,2011,188329.0
AK,total,2011,723375.0
AK,under18,2012,188162.0
AK,total,2012,730307.0
AZ,under18,2012,1617149.0
AZ,total,2012,6551149.0
AZ,under18,2011,1616353.0
AZ,total,2011,6468796.0
AZ,under18,2010,1628563.0
AZ,total,2010,6408790.0
AZ,under18,2013,1616814.0
AZ,total,2013,6626624.0
AZ,total,2009,6343154.0
AZ,under18,2009,1627343.0
AZ,total,2007,6167681.0
AZ,under18,2007,1607895.0
AZ,total,2008,6280362.0
AZ,under18,2008,1628651.0
AZ,total,2005,5839077.0
AZ,under18,2005,1529168.0
AZ,total,2006,6029141.0
AZ,under18,2006,1574867.0
AZ,total,2004,5652404.0
AZ,under18,2004,1484454.0
AZ,total,2003,5510364.0
AZ,under18,2003,1453671.0
AZ,total,2001,5273477.0
AZ,under18,2001,1399015.0
AZ,total,2002,5396255.0
AZ,under18,2002,1427938.0
AZ,under18,1999,1332396.0
AZ,total,1999,5023823.0
AZ,total,2000,5160586.0
AZ,under18,2000,1373414.0
AZ,total,1998,4883342.0
AZ,under18,1998,1285794.0
AZ,total,1997,4736990.0
AZ,under18,1997,1237159.0
AZ,under18,1996,1215285.0
AZ,total,1996,4586940.0
AZ,total,1995,4432499.0
AZ,under18,1995,1173391.0
AZ,total,1993,4065440.0
AZ,under18,1993,1094233.0
AZ,under18,1994,1119857.0
AZ,total,1994,4245089.0
AZ,under18,1992,1055572.0
AZ,under18,1991,1028285.0
AZ,total,1991,3788576.0
AZ,total,1992,3915740.0
AZ,under18,1990,1006040.0
AZ,total,1990,3684097.0
AR,under18,1990,620933.0
AR,total,1990,2356586.0
AR,total,1991,2383144.0
AR,under18,1991,626212.0
AR,under18,1992,638269.0
AR,total,1992,2415984.0
AR,under18,1994,653842.0
AR,total,1994,2494019.0
AR,total,1993,2456303.0
AR,under18,1993,643474.0
AR,under18,1995,667671.0
AR,total,1995,2535399.0
AR,under18,1996,677912.0
AR,total,1996,2572109.0
AR,under18,1998,683637.0
AR,total,1997,2601091.0
AR,under18,1997,680203.0
AR,total,1998,2626289.0
AR,total,2000,2678588.0
AR,under18,2000,680378.0
AR,under18,1999,681940.0
AR,total,1999,2651860.0
AR,total,2002,2705927.0
AR,under18,2002,678798.0
AR,total,2001,2691571.0
AR,under18,2001,679606.0
AR,total,2004,2749686.0
AR,under18,2004,683166.0
AR,total,2003,2724816.0
AR,under18,2003,679579.0
AR,total,2006,2821761.0
AR,under18,2006,697842.0
AR,total,2005,2781097.0
AR,under18,2005,689787.0
AR,total,2008,2874554.0
AR,under18,2008,705725.0
AR,total,2007,2848650.0
AR,under18,2007,702737.0
AR,total,2009,2896843.0
AR,under18,2009,707886.0
AR,under18,2013,709866.0
AR,total,2013,2959373.0
AR,under18,2011,710576.0
AR,total,2011,2938506.0
AR,under18,2010,711947.0
AR,total,2010,2922280.0
AR,under18,2012,710471.0
AR,total,2012,2949828.0
CA,under18,2012,9209007.0
CA,total,2012,37999878.0
CA,under18,2011,9252336.0
CA,total,2011,37668681.0
CA,under18,2010,9284094.0
CA,total,2010,37333601.0
CA,under18,2013,9174877.0
CA,total,2013,38332521.0
CA,total,2009,36961229.0
CA,under18,2009,9294501.0
CA,total,2007,36250311.0
CA,under18,2007,9335620.0
CA,total,2008,36604337.0
CA,under18,2008,9321621.0
CA,total,2005,35827943.0
CA,under18,2005,9405565.0
CA,total,2006,36021202.0
CA,under18,2006,9370884.0
CA,total,2003,35253159.0
CA,under18,2003,9404594.0
CA,total,2004,35574576.0
CA,under18,2004,9418497.0
CA,total,2001,34479458.0
CA,under18,2001,9325466.0
CA,total,2002,34871843.0
CA,under18,2002,9365142.0
CA,under18,1999,9207878.0
CA,total,1999,33499204.0
CA,total,2000,33987977.0
CA,under18,2000,9267089.0
CA,under18,1998,9163238.0
CA,total,1998,32987675.0
CA,under18,1997,9135359.0
CA,total,1997,32486010.0
CA,under18,1996,9079519.0
CA,total,1996,32018834.0
CA,total,1995,31696582.0
CA,under18,1995,8920578.0
CA,total,1993,31274928.0
CA,under18,1993,8624810.0
CA,under18,1994,8790058.0
CA,total,1994,31484435.0
CA,total,1991,30470736.0
CA,under18,1991,8245605.0
CA,under18,1992,8439647.0
CA,total,1992,30974659.0
CA,under18,1990,7980501.0
CA,total,1990,29959515.0
CO,total,1990,3307618.0
CO,under18,1990,881640.0
CO,total,1992,3495939.0
CO,under18,1992,925577.0
CO,under18,1991,896537.0
CO,total,1991,3387119.0
CO,total,1994,3724168.0
CO,under18,1994,966412.0
CO,under18,1993,947806.0
CO,total,1993,3613734.0
CO,under18,1995,984310.0
CO,total,1995,3826653.0
CO,total,1996,3919972.0
CO,under18,1996,1003946.0
CO,under18,1997,1030557.0
CO,total,1997,4018293.0
CO,total,1998,4116639.0
CO,under18,1998,1060066.0
CO,total,2000,4326921.0
CO,under18,2000,1106676.0
CO,total,1999,4226018.0
CO,under18,1999,1083938.0
CO,total,2002,4490406.0
CO,under18,2002,1138273.0
CO,total,2001,4425687.0
CO,under18,2001,1126647.0
CO,total,2004,4575013.0
CO,under18,2004,1146369.0
CO,total,2003,4528732.0
CO,under18,2003,1144597.0
CO,total,2006,4720423.0
CO,under18,2006,1171832.0
CO,total,2005,4631888.0
CO,under18,2005,1156399.0
CO,total,2008,4889730.0
CO,under18,2008,1203289.0
CO,total,2007,4803868.0
CO,under18,2007,1189434.0
CO,total,2009,4972195.0
CO,under18,2009,1217213.0
CO,under18,2013,1237932.0
CO,total,2013,5268367.0
CO,under18,2010,1226619.0
CO,total,2010,5048196.0
CO,under18,2011,1230178.0
CO,total,2011,5118400.0
CO,under18,2012,1232864.0
CO,total,2012,5189458.0
CT,under18,2012,794959.0
CT,total,2012,3591765.0
CT,under18,2011,805109.0
CT,total,2011,3588948.0
CT,under18,2010,814187.0
CT,total,2010,3579210.0
CT,under18,2013,785566.0
CT,total,2013,3596080.0
CT,total,2009,3561807.0
CT,under18,2009,820839.0
CT,total,2007,3527270.0
CT,under18,2007,833484.0
CT,total,2008,3545579.0
CT,under18,2008,826626.0
CT,total,2005,3506956.0
CT,under18,2005,844034.0
CT,total,2006,3517460.0
CT,under18,2006,839372.0
CT,total,2003,3484336.0
CT,under18,2003,851115.0
CT,total,2004,3496094.0
CT,under18,2004,848979.0
CT,total,2001,3432835.0
CT,under18,2001,845850.0
CT,total,2002,3458749.0
CT,under18,2002,848877.0
CT,total,1999,3386401.0
CT,under18,1999,834654.0
CT,total,2000,3411777.0
CT,under18,2000,842242.0
CT,under18,1998,824600.0
CT,total,1998,3365352.0
CT,total,1997,3349348.0
CT,under18,1997,814373.0
CT,under18,1996,811855.0
CT,total,1996,3336685.0
CT,total,1995,3324144.0
CT,under18,1995,808623.0
CT,total,1993,3309175.0
CT,under18,1993,790749.0
CT,under18,1994,801231.0
CT,total,1994,3316121.0
CT,under18,1991,766304.0
CT,total,1991,3302895.0
CT,under18,1992,777264.0
CT,total,1992,3300712.0
CT,total,1990,3291967.0
CT,under18,1990,752666.0
DE,under18,1990,165628.0
DE,total,1990,669567.0
DE,under18,1992,174166.0
DE,total,1992,694927.0
DE,total,1991,683080.0
DE,under18,1991,169910.0
DE,total,1994,717545.0
DE,under18,1994,180833.0
DE,total,1993,706378.0
DE,under18,1993,176916.0
DE,under18,1995,181736.0
DE,total,1995,729735.0
DE,total,1996,740978.0
DE,under18,1996,184021.0
DE,under18,1997,186607.0
DE,total,1997,751487.0
DE,total,1998,763335.0
DE,under18,1998,189302.0
DE,total,2000,786373.0
DE,under18,2000,194914.0
DE,total,1999,774990.0
DE,under18,1999,192510.0
DE,total,2002,806169.0
DE,under18,2002,196946.0
DE,total,2001,795699.0
DE,under18,2001,196038.0
DE,total,2004,830803.0
DE,under18,2004,199631.0
DE,total,2003,818003.0
DE,under18,2003,198045.0
DE,total,2006,859268.0
DE,under18,2006,203729.0
DE,total,2005,845150.0
DE,under18,2005,201988.0
DE,total,2008,883874.0
DE,under18,2008,206116.0
DE,total,2007,871749.0
DE,under18,2007,205155.0
DE,under18,2013,203558.0
DE,total,2013,925749.0
DE,total,2009,891730.0
DE,under18,2009,206213.0
DE,under18,2010,205478.0
DE,total,2010,899711.0
DE,under18,2011,204801.0
DE,total,2011,907985.0
DE,under18,2012,204586.0
DE,total,2012,917053.0
DC,under18,2012,107642.0
DC,total,2012,633427.0
DC,under18,2011,103906.0
DC,total,2011,619624.0
DC,under18,2010,101309.0
DC,total,2010,605125.0
DC,under18,2013,111474.0
DC,total,2013,646449.0
DC,total,2009,592228.0
DC,under18,2009,102098.0
DC,total,2007,574404.0
DC,under18,2007,104126.0
DC,total,2008,580236.0
DC,under18,2008,102257.0
DC,total,2005,567136.0
DC,under18,2005,107187.0
DC,total,2006,570681.0
DC,under18,2006,105651.0
DC,total,2003,568502.0
DC,under18,2003,111403.0
DC,total,2004,567754.0
DC,under18,2004,109756.0
DC,total,2001,574504.0
DC,under18,2001,114625.0
DC,total,2002,573158.0
DC,under18,2002,113822.0
DC,total,1999,570220.0
DC,under18,1999,115003.0
DC,total,2000,572046.0
DC,under18,2000,114503.0
DC,under18,1998,113839.0
DC,total,1998,565232.0
DC,under18,1997,119531.0
DC,total,1997,567739.0
DC,under18,1996,121210.0
DC,total,1996,572379.0
DC,total,1995,580519.0
DC,under18,1995,123620.0
DC,total,1993,595302.0
DC,under18,1993,120471.0
DC,under18,1994,122170.0
DC,total,1994,589240.0
DC,total,1991,600870.0
DC,under18,1991,116825.0
DC,under18,1992,118636.0
DC,total,1992,597567.0
DC,under18,1990,112632.0
DC,total,1990,605321.0
FL,total,1990,13033307.0
FL,under18,1990,2988807.0
FL,under18,1991,3045638.0
FL,total,1991,13369798.0
FL,total,1994,14239444.0
FL,under18,1994,3299887.0
FL,under18,1993,3214066.0
FL,total,1993,13927185.0
FL,total,1992,13650553.0
FL,under18,1992,3120439.0
FL,under18,1995,3366468.0
FL,total,1995,14537875.0
FL,total,1996,14853360.0
FL,under18,1996,3431695.0
FL,under18,1998,3557561.0
FL,under18,1997,3502269.0
FL,total,1997,15186304.0
FL,total,1998,15486559.0
FL,total,1999,15759421.0
FL,under18,1999,3611711.0
FL,total,2000,16047515.0
FL,under18,2000,3654880.0
FL,total,2001,16356966.0
FL,under18,2001,3714439.0
FL,total,2002,16689370.0
FL,under18,2002,3774624.0
FL,total,2003,17004085.0
FL,under18,2003,3820876.0
FL,total,2004,17415318.0
FL,under18,2004,3890734.0
FL,total,2005,17842038.0
FL,under18,2005,3968178.0
FL,total,2006,18166990.0
FL,under18,2006,4022912.0
FL,total,2007,18367842.0
FL,under18,2007,4031098.0
FL,total,2008,18527305.0
FL,under18,2008,4018372.0
FL,total,2009,18652644.0
FL,under18,2009,3997283.0
FL,under18,2013,4026674.0
FL,total,2013,19552860.0
FL,under18,2010,3999532.0
FL,total,2010,18846054.0
FL,under18,2011,4002550.0
FL,total,2011,19083482.0
FL,under18,2012,4012421.0
FL,total,2012,19320749.0
GA,total,2012,9915646.0
GA,under18,2012,2487831.0
GA,under18,2011,2488898.0
GA,total,2011,9810181.0
GA,under18,2010,2490884.0
GA,total,2010,9713248.0
GA,total,2013,9992167.0
GA,total,2009,9620846.0
GA,under18,2009,2485781.0
GA,under18,2013,2489709.0
GA,total,2007,9349988.0
GA,under18,2007,2456249.0
GA,total,2008,9504843.0
GA,under18,2008,2479097.0
GA,total,2005,8925922.0
GA,under18,2005,2353604.0
GA,total,2006,9155813.0
GA,under18,2006,2406014.0
GA,total,2003,8622793.0
GA,under18,2003,2278710.0
GA,total,2004,8769252.0
GA,under18,2004,2308855.0
GA,total,2001,8377038.0
GA,under18,2001,2215390.0
GA,total,2002,8508256.0
GA,under18,2002,2249784.0
GA,total,1999,8045965.0
GA,under18,1999,2130698.0
GA,total,2000,8227303.0
GA,under18,2000,2176576.0
GA,total,1997,7685099.0
GA,under18,1997,2034163.0
GA,under18,1998,2078998.0
GA,total,1998,7863536.0
GA,under18,1996,1993171.0
GA,total,1996,7501069.0
GA,total,1995,7328413.0
GA,under18,1995,1949818.0
GA,under18,1992,1817781.0
GA,total,1992,6817203.0
GA,total,1993,6978240.0
GA,under18,1993,1865021.0
GA,under18,1994,1906539.0
GA,total,1994,7157165.0
GA,total,1991,6653005.0
GA,under18,1991,1773675.0
GA,under18,1990,1747363.0
GA,total,1990,6512602.0
HI,under18,1990,279983.0
HI,total,1990,1113491.0
HI,total,1991,1136754.0
HI,under18,1991,287871.0
HI,under18,1994,307517.0
HI,total,1994,1187536.0
HI,total,1993,1172838.0
HI,under18,1993,301473.0
HI,under18,1992,295124.0
HI,total,1992,1158613.0
HI,total,1995,1196854.0
HI,under18,1995,310325.0
HI,under18,1996,311213.0
HI,total,1996,1203755.0
HI,under18,1998,304576.0
HI,total,1998,1215233.0
HI,total,1997,1211640.0
HI,under18,1997,309465.0
HI,total,2000,1213519.0
HI,under18,2000,295352.0
HI,total,1999,1210300.0
HI,under18,1999,299680.0
HI,total,2002,1239613.0
HI,under18,2002,293600.0
HI,total,2001,1225948.0
HI,under18,2001,294133.0
HI,total,2004,1273569.0
HI,under18,2004,298103.0
HI,total,2003,1251154.0
HI,under18,2003,294519.0
HI,total,2006,1309731.0
HI,under18,2006,299313.0
HI,total,2005,1292729.0
HI,under18,2005,298497.0
HI,total,2008,1332213.0
HI,under18,2008,301094.0
HI,total,2007,1315675.0
HI,under18,2007,300207.0
HI,under18,2013,307266.0
HI,total,2009,1346717.0
HI,under18,2009,302796.0
HI,total,2013,1404054.0
HI,total,2010,1363731.0
HI,under18,2010,303812.0
HI,total,2011,1376897.0
HI,under18,2011,305396.0
HI,under18,2012,305981.0
HI,total,2012,1390090.0
ID,total,2012,1595590.0
ID,under18,2012,427177.0
ID,under18,2011,428535.0
ID,total,2011,1583930.0
ID,under18,2010,428961.0
ID,total,2010,1570718.0
ID,total,2013,1612136.0
ID,total,2009,1554439.0
ID,under18,2009,426076.0
ID,under18,2013,427781.0
ID,total,2007,1505105.0
ID,under18,2007,415024.0
ID,total,2008,1534320.0
ID,under18,2008,422347.0
ID,total,2005,1428241.0
ID,under18,2005,394651.0
ID,total,2006,1468669.0
ID,under18,2006,404753.0
ID,total,2003,1363380.0
ID,under18,2003,379241.0
ID,total,2004,1391802.0
ID,under18,2004,384692.0
ID,total,2001,1319962.0
ID,under18,2001,373145.0
ID,total,2002,1340372.0
ID,under18,2002,375986.0
ID,total,1999,1275674.0
ID,under18,1999,366689.0
ID,total,2000,1299430.0
ID,under18,2000,370430.0
ID,total,1997,1228520.0
ID,under18,1997,357779.0
ID,under18,1998,362189.0
ID,total,1998,1252330.0
ID,under18,1996,353824.0
ID,total,1996,1203083.0
ID,total,1995,1177322.0
ID,under18,1995,349248.0
ID,under18,1992,324972.0
ID,total,1992,1071685.0
ID,total,1993,1108768.0
ID,under18,1993,333838.0
ID,under18,1994,344242.0
ID,total,1994,1145140.0
ID,total,1991,1041316.0
ID,under18,1991,316732.0
ID,under18,1990,313373.0
ID,total,1990,1012384.0
IL,under18,1990,2940837.0
IL,total,1990,11453316.0
IL,total,1991,11568964.0
IL,under18,1991,2988715.0
IL,under18,1994,3110938.0
IL,total,1994,11912585.0
IL,total,1993,11809579.0
IL,under18,1993,3066541.0
IL,under18,1992,3033427.0
IL,total,1992,11694184.0
IL,total,1995,12008437.0
IL,under18,1995,3152984.0
IL,under18,1996,3192916.0
IL,total,1996,12101997.0
IL,under18,1998,3225252.0
IL,total,1998,12271847.0
IL,total,1997,12185715.0
IL,under18,1997,3222114.0
IL,total,2000,12434161.0
IL,under18,2000,3244944.0
IL,total,1999,12359020.0
IL,under18,1999,3240034.0
IL,total,2002,12525556.0
IL,under18,2002,3238362.0
IL,total,2001,12488445.0
IL,under18,2001,3243617.0
IL,total,2004,12589773.0
IL,under18,2004,3211599.0
IL,total,2003,12556006.0
IL,under18,2003,3225547.0
IL,total,2006,12643955.0
IL,under18,2006,3181246.0
IL,total,2005,12609903.0
IL,under18,2005,3197318.0
IL,total,2008,12747038.0
IL,under18,2008,3153401.0
IL,total,2007,12695866.0
IL,under18,2007,3170134.0
IL,under18,2013,3023307.0
IL,total,2009,12796778.0
IL,under18,2009,3138406.0
IL,total,2013,12882135.0
IL,total,2010,12839695.0
IL,under18,2010,3122092.0
IL,total,2011,12855970.0
IL,under18,2011,3089833.0
IL,under18,2012,3057042.0
IL,total,2012,12868192.0
IN,total,2012,6537782.0
IN,under18,2012,1589655.0
IN,under18,2011,1598091.0
IN,total,2011,6516336.0
IN,under18,2010,1605883.0
IN,total,2010,6489965.0
IN,total,2013,6570902.0
IN,total,2009,6459325.0
IN,under18,2009,1609704.0
IN,under18,2013,1586027.0
IN,total,2007,6379599.0
IN,under18,2007,1609494.0
IN,total,2008,6424806.0
IN,under18,2008,1611494.0
IN,total,2005,6278616.0
IN,under18,2005,1593898.0
IN,total,2006,6332669.0
IN,under18,2006,1603107.0
IN,total,2003,6196638.0
IN,under18,2003,1582560.0
IN,total,2004,6233007.0
IN,under18,2004,1586281.0
IN,total,2001,6127760.0
IN,under18,2001,1579527.0
IN,total,2002,6155967.0
IN,under18,2002,1580814.0
IN,total,1999,6044970.0
IN,under18,1999,1566079.0
IN,total,2000,6091866.0
IN,under18,2000,1574989.0
IN,total,1997,5955267.0
IN,under18,1997,1539270.0
IN,under18,1998,1551960.0
IN,total,1998,5998881.0
IN,under18,1996,1517961.0
IN,total,1996,5906013.0
IN,total,1995,5851459.0
IN,under18,1995,1507916.0
IN,under18,1992,1461650.0
IN,total,1992,5674547.0
IN,total,1993,5739019.0
IN,under18,1993,1473007.0
IN,under18,1994,1491802.0
IN,total,1994,5793526.0
IN,total,1991,5616388.0
IN,under18,1991,1450759.0
IN,under18,1990,1437209.0
IN,total,1990,5557798.0
IA,under18,1990,719366.0
IA,total,1990,2781018.0
IA,total,1991,2797613.0
IA,under18,1991,724446.0
IA,under18,1994,728397.0
IA,total,1994,2850746.0
IA,total,1993,2836972.0
IA,under18,1993,727751.0
IA,under18,1992,724798.0
IA,total,1992,2818401.0
IA,total,1995,2867373.0
IA,under18,1995,726961.0
IA,under18,1996,729177.0
IA,total,1996,2880001.0
IA,under18,1998,729943.0
IA,total,1998,2902872.0
IA,total,1997,2891119.0
IA,under18,1997,729806.0
IA,total,2000,2929067.0
IA,under18,2000,733337.0
IA,total,1999,2917634.0
IA,under18,1999,732671.0
IA,total,2002,2934234.0
IA,under18,2002,723685.0
IA,total,2001,2931997.0
IA,under18,2001,728601.0
IA,total,2004,2953635.0
IA,under18,2004,718708.0
IA,total,2003,2941999.0
IA,under18,2003,720102.0
IA,total,2006,2982644.0
IA,under18,2006,721703.0
IA,total,2005,2964454.0
IA,under18,2005,718488.0
IA,total,2008,3016734.0
IA,under18,2008,725658.0
IA,total,2007,2999212.0
IA,under18,2007,723632.0
IA,under18,2013,724032.0
IA,total,2009,3032870.0
IA,under18,2009,726969.0
IA,total,2013,3090416.0
IA,total,2010,3050314.0
IA,under18,2010,727717.0
IA,total,2011,3064102.0
IA,under18,2011,725522.0
IA,under18,2012,723917.0
IA,total,2012,3075039.0
KS,total,2012,2885398.0
KS,under18,2012,726668.0
KS,under18,2011,726787.0
KS,total,2011,2869548.0
KS,under18,2010,727729.0
KS,total,2010,2858910.0
KS,total,2013,2893957.0
KS,total,2009,2832704.0
KS,under18,2009,721841.0
KS,under18,2013,724092.0
KS,total,2007,2783785.0
KS,under18,2007,711005.0
KS,total,2008,2808076.0
KS,under18,2008,714689.0
KS,total,2005,2745299.0
KS,under18,2005,704689.0
KS,total,2006,2762931.0
KS,under18,2006,705277.0
KS,total,2003,2723004.0
KS,under18,2003,707847.0
KS,total,2004,2734373.0
KS,under18,2004,705456.0
KS,total,2001,2702162.0
KS,under18,2001,710923.0
KS,total,2002,2713535.0
KS,under18,2002,709416.0
KS,total,1999,2678338.0
KS,under18,1999,713022.0
KS,total,2000,2693681.0
KS,under18,2000,713887.0
KS,total,1997,2635292.0
KS,under18,1997,704001.0
KS,under18,1998,710402.0
KS,total,1998,2660598.0
KS,under18,1996,696298.0
KS,total,1996,2614554.0
KS,total,1995,2601008.0
KS,under18,1995,694124.0
KS,under18,1992,680871.0
KS,total,1992,2532395.0
KS,total,1993,2556547.0
KS,under18,1993,687262.0
KS,under18,1994,693673.0
KS,total,1994,2580513.0
KS,total,1991,2498722.0
KS,under18,1991,672033.0
KS,under18,1990,662641.0
KS,total,1990,2481349.0
KY,under18,1990,945951.0
KY,total,1990,3694048.0
KY,total,1991,3722328.0
KY,under18,1991,951512.0
KY,under18,1994,981439.0
KY,total,1994,3849088.0
KY,total,1993,3812206.0
KY,under18,1993,971134.0
KY,under18,1992,963861.0
KY,total,1992,3765469.0
KY,total,1995,3887427.0
KY,under18,1995,984486.0
KY,under18,1996,987062.0
KY,total,1996,3919536.0
KY,under18,1998,997296.0
KY,total,1998,3985391.0
KY,total,1997,3952747.0
KY,under18,1997,1002609.0
KY,total,2000,4049021.0
KY,under18,2000,994984.0
KY,total,1999,4018053.0
KY,under18,1999,996382.0
KY,total,2002,4089875.0
KY,under18,2002,995251.0
KY,total,2001,4068132.0
KY,under18,2001,994105.0
KY,total,2004,4146101.0
KY,under18,2004,998459.0
KY,total,2003,4117170.0
KY,under18,2003,998485.0
KY,total,2006,4219239.0
KY,under18,2006,1011295.0
KY,total,2005,4182742.0
KY,under18,2005,1004020.0
KY,total,2008,4289878.0
KY,under18,2008,1022001.0
KY,total,2007,4256672.0
KY,under18,2007,1016288.0
KY,under18,2013,1014004.0
KY,total,2009,4317074.0
KY,under18,2009,1021710.0
KY,total,2013,4395295.0
KY,total,2010,4347698.0
KY,under18,2010,1023679.0
KY,total,2011,4366869.0
KY,under18,2011,1021926.0
KY,under18,2012,1017350.0
KY,total,2012,4379730.0
LA,total,2012,4602134.0
LA,under18,2012,1114620.0
LA,under18,2011,1116579.0
LA,total,2011,4575197.0
LA,under18,2010,1118576.0
LA,total,2010,4545392.0
LA,total,2013,4625470.0
LA,total,2009,4491648.0
LA,under18,2009,1114228.0
LA,under18,2013,1112957.0
LA,total,2007,4375581.0
LA,under18,2007,1096642.0
LA,total,2008,4435586.0
LA,under18,2008,1108728.0
LA,total,2005,4576628.0
LA,under18,2005,1177954.0
LA,total,2006,4302665.0
LA,under18,2006,1078779.0
LA,total,2003,4521042.0
LA,under18,2003,1188070.0
LA,total,2004,4552238.0
LA,under18,2004,1182731.0
LA,total,2001,4477875.0
LA,under18,2001,1204187.0
LA,total,2002,4497267.0
LA,under18,2002,1194819.0
LA,total,2000,4471885.0
LA,under18,2000,1217670.0
LA,total,1999,4460811.0
LA,under18,1999,1227167.0
LA,total,1997,4421072.0
LA,under18,1997,1239665.0
LA,under18,1998,1232984.0
LA,total,1998,4440344.0
LA,under18,1996,1244627.0
LA,total,1996,4398877.0
LA,total,1995,4378779.0
LA,under18,1995,1250112.0
LA,under18,1992,1237034.0
LA,total,1992,4293003.0
LA,total,1993,4316428.0
LA,under18,1993,1239161.0
LA,under18,1994,1247631.0
LA,total,1994,4347481.0
LA,total,1991,4253279.0
LA,under18,1991,1222330.0
LA,under18,1990,1205984.0
LA,total,1990,4221532.0
ME,under18,1990,308066.0
ME,total,1990,1231719.0
ME,total,1991,1237081.0
ME,under18,1991,309871.0
ME,under18,1994,311570.0
ME,total,1994,1242662.0
ME,total,1993,1242302.0
ME,under18,1993,310966.0
ME,under18,1992,310679.0
ME,total,1992,1238508.0
ME,total,1995,1243481.0
ME,under18,1995,309173.0
ME,under18,1996,307740.0
ME,total,1996,1249060.0
ME,under18,1998,304496.0
ME,total,1998,1259127.0
ME,total,1997,1254774.0
ME,under18,1997,305097.0
ME,total,1999,1266808.0
ME,under18,1999,302321.0
ME,total,2000,1277072.0
ME,under18,2000,301407.0
ME,total,2002,1295960.0
ME,under18,2002,298595.0
ME,total,2001,1285692.0
ME,under18,2001,300088.0
ME,total,2004,1313688.0
ME,under18,2004,294791.0
ME,total,2003,1306513.0
ME,under18,2003,296786.0
ME,total,2006,1323619.0
ME,under18,2006,288945.0
ME,total,2005,1318787.0
ME,under18,2005,292039.0
ME,total,2008,1330509.0
ME,under18,2008,282204.0
ME,total,2007,1327040.0
ME,under18,2007,286185.0
ME,under18,2013,261276.0
ME,total,2009,1329590.0
ME,under18,2009,277946.0
ME,total,2013,1328302.0
ME,total,2010,1327366.0
ME,under18,2010,273061.0
ME,total,2011,1327844.0
ME,under18,2011,268737.0
ME,under18,2012,264846.0
ME,total,2012,1328501.0
MD,total,2012,5884868.0
MD,under18,2012,1346235.0
MD,under18,2011,1348766.0
MD,total,2011,5840241.0
MD,under18,2010,1351983.0
MD,total,2010,5787193.0
MD,total,2013,5928814.0
MD,total,2009,5730388.0
MD,under18,2009,1353631.0
MD,under18,2013,1344522.0
MD,total,2007,5653408.0
MD,under18,2007,1369563.0
MD,total,2008,5684965.0
MD,under18,2008,1359214.0
MD,total,2005,5592379.0
MD,under18,2005,1382966.0
MD,total,2006,5627367.0
MD,under18,2006,1377756.0
MD,total,2003,5496269.0
MD,under18,2003,1379641.0
MD,total,2004,5546935.0
MD,under18,2004,1383450.0
MD,total,2001,5374691.0
MD,under18,2001,1366552.0
MD,total,2002,5440389.0
MD,under18,2002,1375354.0
MD,total,2000,5311034.0
MD,under18,2000,1356961.0
MD,total,1999,5254509.0
MD,under18,1999,1348659.0
MD,total,1997,5157328.0
MD,under18,1997,1321306.0
MD,under18,1998,1338727.0
MD,total,1998,5204464.0
MD,under18,1996,1303816.0
MD,total,1996,5111986.0
MD,total,1995,5070033.0
MD,under18,1995,1300695.0
MD,under18,1992,1235498.0
MD,total,1992,4923369.0
MD,total,1993,4971889.0
MD,under18,1993,1261738.0
MD,under18,1994,1280772.0
MD,total,1994,5023060.0
MD,total,1991,4867641.0
MD,under18,1991,1208898.0
MD,under18,1990,1180426.0
MD,total,1990,4799770.0
MA,under18,1990,1353806.0
MA,total,1990,6022639.0
MA,total,1991,6018470.0
MA,under18,1991,1375110.0
MA,under18,1994,1437069.0
MA,total,1994,6095241.0
MA,total,1993,6060569.0
MA,under18,1993,1415724.0
MA,under18,1992,1390188.0
MA,total,1992,6028709.0
MA,total,1995,6141445.0
MA,under18,1995,1453489.0
MA,under18,1996,1468614.0
MA,total,1996,6179756.0
MA,under18,1998,1491652.0
MA,total,1998,6271838.0
MA,total,1997,6226058.0
MA,under18,1997,1478203.0
MA,total,1999,6317345.0
MA,under18,1999,1495818.0
MA,total,2000,6361104.0
MA,under18,2000,1501334.0
MA,total,2001,6397634.0
MA,under18,2001,1505028.0
MA,total,2002,6417206.0
MA,under18,2002,1502652.0
MA,total,2004,6412281.0
MA,under18,2004,1479541.0
MA,total,2003,6422565.0
MA,under18,2003,1493372.0
MA,total,2006,6410084.0
MA,under18,2006,1450202.0
MA,total,2005,6403290.0
MA,under18,2005,1464140.0
MA,total,2008,6468967.0
MA,under18,2008,1429727.0
MA,total,2007,6431559.0
MA,under18,2007,1439757.0
MA,under18,2013,1393946.0
MA,total,2009,6517613.0
MA,under18,2009,1422935.0
MA,total,2013,6692824.0
MA,total,2010,6563263.0
MA,under18,2010,1415962.0
MA,total,2011,6606285.0
MA,under18,2011,1407240.0
MA,under18,2012,1399417.0
MA,total,2012,6645303.0
MI,total,2012,9882519.0
MI,under18,2012,2269365.0
MI,under18,2011,2299116.0
MI,total,2011,9874589.0
MI,under18,2010,2333121.0
MI,total,2010,9876149.0
MI,total,2013,9895622.0
MI,total,2009,9901591.0
MI,under18,2009,2372603.0
MI,under18,2013,2245201.0
MI,total,2007,10001284.0
MI,under18,2007,2470063.0
MI,total,2008,9946889.0
MI,under18,2008,2418879.0
MI,total,2005,10051137.0
MI,under18,2005,2531839.0
MI,total,2006,10036081.0
MI,under18,2006,2503548.0
MI,total,2003,10041152.0
MI,under18,2003,2569080.0
MI,total,2004,10055315.0
MI,under18,2004,2553314.0
MI,total,2002,10015710.0
MI,under18,2002,2584310.0
MI,total,2001,9991120.0
MI,under18,2001,2593310.0
MI,total,2000,9952450.0
MI,under18,2000,2596114.0
MI,total,1999,9897116.0
MI,under18,1999,2591944.0
MI,total,1997,9809051.0
MI,under18,1997,2582270.0
MI,under18,1998,2586343.0
MI,total,1998,9847942.0
MI,under18,1996,2569745.0
MI,total,1996,9758645.0
MI,total,1995,9676211.0
MI,under18,1995,2556799.0
MI,under18,1992,2501765.0
MI,total,1992,9479065.0
MI,total,1993,9540114.0
MI,under18,1993,2522249.0
MI,under18,1994,2535196.0
MI,total,1994,9597737.0
MI,total,1991,9400446.0
MI,under18,1991,2484957.0
MI,under18,1990,2459633.0
MI,total,1990,9311319.0
MN,under18,1990,1176680.0
MN,total,1990,4389857.0
MN,total,1991,4440859.0
MN,under18,1991,1191207.0
MN,under18,1994,1238949.0
MN,total,1994,4610355.0
MN,total,1993,4555956.0
MN,under18,1993,1226723.0
MN,under18,1992,1213068.0
MN,total,1992,4495572.0
MN,total,1995,4660180.0
MN,under18,1995,1245932.0
MN,under18,1996,1252722.0
MN,total,1996,4712827.0
MN,under18,1998,1275940.0
MN,total,1998,4813412.0
MN,total,1997,4763390.0
MN,under18,1997,1264250.0
MN,total,1999,4873481.0
MN,under18,1999,1283102.0
MN,total,2000,4933692.0
MN,under18,2000,1289715.0
MN,total,2001,4982796.0
MN,under18,2001,1291261.0
MN,total,2002,5018935.0
MN,under18,2002,1288795.0
MN,total,2004,5087713.0
MN,under18,2004,1281946.0
MN,total,2003,5053572.0
MN,under18,2003,1283687.0
MN,total,2006,5163555.0
MN,under18,2006,1282381.0
MN,total,2005,5119598.0
MN,under18,2005,1280557.0
MN,total,2008,5247018.0
MN,under18,2008,1284179.0
MN,total,2007,5207203.0
MN,under18,2007,1285074.0
MN,under18,2013,1279111.0
MN,total,2009,5281203.0
MN,under18,2009,1284103.0
MN,total,2013,5420380.0
MN,total,2010,5310337.0
MN,under18,2010,1282693.0
MN,total,2011,5347108.0
MN,under18,2011,1280424.0
MN,under18,2012,1278050.0
MN,total,2012,5379646.0
MS,total,2012,2986450.0
MS,under18,2012,742941.0
MS,under18,2011,747742.0
MS,total,2011,2977886.0
MS,under18,2010,754111.0
MS,total,2010,2970047.0
MS,total,2013,2991207.0
MS,total,2009,2958774.0
MS,under18,2009,758539.0
MS,under18,2013,737432.0
MS,total,2007,2928350.0
MS,under18,2007,761171.0
MS,total,2008,2947806.0
MS,under18,2008,760572.0
MS,total,2005,2905943.0
MS,under18,2005,760870.0
MS,total,2006,2904978.0
MS,under18,2006,756990.0
MS,total,2003,2868312.0
MS,under18,2003,759447.0
MS,total,2004,2889010.0
MS,under18,2004,760410.0
MS,total,2002,2858681.0
MS,under18,2002,763148.0
MS,total,2001,2852994.0
MS,under18,2001,768418.0
MS,total,2000,2848353.0
MS,under18,2000,774353.0
MS,total,1999,2828408.0
MS,under18,1999,775662.0
MS,total,1997,2777004.0
MS,under18,1997,774832.0
MS,under18,1998,773721.0
MS,total,1998,2804834.0
MS,under18,1996,769680.0
MS,total,1996,2748085.0
MS,total,1995,2722659.0
MS,under18,1995,767892.0
MS,under18,1992,750224.0
MS,total,1992,2623734.0
MS,total,1993,2655100.0
MS,under18,1993,755820.0
MS,under18,1994,763795.0
MS,total,1994,2688992.0
MS,total,1991,2598733.0
MS,under18,1991,738911.0
MS,under18,1990,733660.0
MS,total,1990,2578897.0
MO,under18,1990,1316423.0
MO,total,1990,5128880.0
MO,total,1991,5170800.0
MO,under18,1991,1332306.0
MO,under18,1994,1378700.0
MO,total,1994,5324497.0
MO,total,1993,5271175.0
MO,under18,1993,1365903.0
MO,under18,1992,1349729.0
MO,total,1992,5217101.0
MO,under18,1996,1408732.0
MO,total,1996,5431553.0
MO,total,1995,5378247.0
MO,under18,1995,1393554.0
MO,under18,1998,1428999.0
MO,total,1998,5521765.0
MO,total,1997,5481193.0
MO,under18,1997,1419837.0
MO,total,1999,5561948.0
MO,under18,1999,1428047.0
MO,total,2000,5607285.0
MO,under18,2000,1428383.0
MO,total,2001,5641142.0
MO,under18,2001,1426575.0
MO,total,2002,5674825.0
MO,under18,2002,1424513.0
MO,total,2004,5747741.0
MO,under18,2004,1420956.0
MO,total,2003,5709403.0
MO,under18,2003,1421927.0
MO,total,2006,5842704.0
MO,under18,2006,1428324.0
MO,total,2005,5790300.0
MO,under18,2005,1422978.0
MO,total,2008,5923916.0
MO,under18,2008,1428945.0
MO,total,2007,5887612.0
MO,under18,2007,1431346.0
MO,under18,2013,1397685.0
MO,total,2009,5961088.0
MO,under18,2009,1426603.0
MO,total,2013,6044171.0
MO,total,2010,5996063.0
MO,under18,2010,1424042.0
MO,total,2011,6010065.0
MO,under18,2011,1414444.0
MO,under18,2012,1405015.0
MO,total,2012,6024522.0
MT,total,2012,1005494.0
MT,under18,2012,222905.0
MT,under18,2011,222977.0
MT,total,2011,997600.0
MT,under18,2010,223292.0
MT,total,2010,990527.0
MT,total,2013,1015165.0
MT,total,2009,983982.0
MT,under18,2009,223675.0
MT,under18,2013,223981.0
MT,total,2007,964706.0
MT,under18,2007,223135.0
MT,total,2008,976415.0
MT,under18,2008,223814.0
MT,total,2005,940102.0
MT,under18,2005,221685.0
MT,total,2006,952692.0
MT,under18,2006,221930.0
MT,total,2003,919630.0
MT,under18,2003,223012.0
MT,total,2004,930009.0
MT,under18,2004,221999.0
MT,total,2002,911667.0
MT,under18,2002,224772.0
MT,total,2001,906961.0
MT,under18,2001,227118.0
MT,total,1999,897508.0
MT,under18,1999,231133.0
MT,total,2000,903773.0
MT,under18,2000,230067.0
MT,total,1997,889865.0
MT,under18,1997,232813.0
MT,under18,1998,231746.0
MT,total,1998,892431.0
MT,total,1995,876553.0
MT,under18,1995,236583.0
MT,under18,1996,235294.0
MT,total,1996,886254.0
MT,under18,1992,230868.0
MT,total,1992,825770.0
MT,total,1993,844761.0
MT,under18,1993,234987.0
MT,under18,1994,237289.0
MT,total,1994,861306.0
MT,total,1991,809680.0
MT,under18,1991,225259.0
MT,under18,1990,223677.0
MT,total,1990,800204.0
NE,under18,1990,430068.0
NE,total,1990,1581660.0
NE,total,1991,1595919.0
NE,under18,1991,434525.0
NE,under18,1994,442589.0
NE,total,1994,1639041.0
NE,total,1993,1625590.0
NE,under18,1993,439313.0
NE,under18,1992,436378.0
NE,total,1992,1611687.0
NE,under18,1996,446841.0
NE,total,1996,1673740.0
NE,total,1995,1656993.0
NE,under18,1995,444418.0
NE,under18,1998,451192.0
NE,total,1998,1695817.0
NE,total,1997,1686418.0
NE,under18,1997,450076.0
NE,total,1999,1704764.0
NE,under18,1999,451047.0
NE,total,2000,1713820.0
NE,under18,2000,450380.0
NE,total,2001,1719836.0
NE,under18,2001,448307.0
NE,total,2002,1728292.0
NE,under18,2002,447714.0
NE,total,2004,1749370.0
NE,under18,2004,448360.0
NE,total,2003,1738643.0
NE,under18,2003,447444.0
NE,total,2006,1772693.0
NE,under18,2006,450098.0
NE,total,2005,1761497.0
NE,under18,2005,448918.0
NE,total,2008,1796378.0
NE,under18,2008,453787.0
NE,total,2007,1783440.0
NE,under18,2007,451946.0
NE,under18,2013,464348.0
NE,total,2009,1812683.0
NE,under18,2009,456543.0
NE,total,2013,1868516.0
NE,total,2010,1829838.0
NE,under18,2010,459621.0
NE,total,2011,1841749.0
NE,under18,2011,460872.0
NE,under18,2012,462673.0
NE,total,2012,1855350.0
NV,total,2012,2754354.0
NV,under18,2012,659655.0
NV,under18,2011,659236.0
NV,total,2011,2717951.0
NV,under18,2010,663180.0
NV,total,2010,2703230.0
NV,total,2013,2790136.0
NV,total,2009,2684665.0
NV,under18,2009,666041.0
NV,under18,2013,661605.0
NV,total,2007,2601072.0
NV,under18,2007,654053.0
NV,total,2008,2653630.0
NV,under18,2008,662621.0
NV,total,2005,2432143.0
NV,under18,2005,611595.0
NV,total,2006,2522658.0
NV,under18,2006,634403.0
NV,total,2003,2248850.0
NV,under18,2003,568963.0
NV,total,2004,2346222.0
NV,under18,2004,591314.0
NV,total,2002,2173791.0
NV,under18,2002,552816.0
NV,total,2001,2098399.0
NV,under18,2001,534708.0
NV,total,1999,1934718.0
NV,under18,1999,493701.0
NV,total,2000,2018741.0
NV,under18,2000,516018.0
NV,total,1997,1764104.0
NV,under18,1997,443626.0
NV,under18,1998,469424.0
NV,total,1998,1853192.0
NV,total,1995,1581578.0
NV,under18,1995,396223.0
NV,under18,1996,419133.0
NV,total,1996,1666320.0
NV,under18,1992,337396.0
NV,total,1992,1351367.0
NV,total,1993,1411215.0
NV,under18,1993,354990.0
NV,under18,1994,376745.0
NV,total,1994,1499298.0
NV,total,1991,1296172.0
NV,under18,1991,325033.0
NV,under18,1990,316406.0
NV,total,1990,1220695.0
NH,under18,1990,277454.0
NH,total,1990,1112384.0
NH,total,1991,1109929.0
NH,under18,1991,281127.0
NH,under18,1994,295563.0
NH,total,1994,1142561.0
NH,total,1993,1129458.0
NH,under18,1993,290409.0
NH,under18,1992,286314.0
NH,total,1992,1117785.0
NH,under18,1996,300161.0
NH,total,1996,1174719.0
NH,total,1995,1157561.0
NH,under18,1995,298246.0
NH,under18,1998,307292.0
NH,total,1998,1205941.0
NH,total,1997,1189425.0
NH,under18,1997,302834.0
NH,total,2000,1239882.0
NH,under18,2000,310352.0
NH,total,1999,1222015.0
NH,under18,1999,308423.0
NH,total,2001,1255517.0
NH,under18,2001,311877.0
NH,total,2002,1269089.0
NH,under18,2002,312743.0
NH,total,2004,1290121.0
NH,under18,2004,309243.0
NH,total,2003,1279840.0
NH,under18,2003,311412.0
NH,total,2005,1298492.0
NH,under18,2005,307403.0
NH,total,2006,1308389.0
NH,under18,2006,305169.0
NH,total,2008,1315906.0
NH,under18,2008,296029.0
NH,total,2007,1312540.0
NH,under18,2007,300918.0
NH,under18,2013,271122.0
NH,total,2009,1316102.0
NH,under18,2009,290850.0
NH,total,2013,1323459.0
NH,total,2010,1316614.0
NH,under18,2010,285702.0
NH,total,2011,1318075.0
NH,under18,2011,280486.0
NH,under18,2012,275818.0
NH,total,2012,1321617.0
NJ,total,2012,8867749.0
NJ,under18,2012,2035106.0
NJ,under18,2011,2049453.0
NJ,total,2011,8836639.0
NJ,under18,2010,2062013.0
NJ,total,2010,8802707.0
NJ,total,2013,8899339.0
NJ,total,2009,8755602.0
NJ,under18,2009,2068684.0
NJ,under18,2013,2022117.0
NJ,total,2007,8677885.0
NJ,under18,2007,2091023.0
NJ,total,2008,8711090.0
NJ,under18,2008,2076366.0
NJ,total,2006,8661679.0
NJ,under18,2006,2106403.0
NJ,total,2005,8651974.0
NJ,under18,2005,2121878.0
NJ,total,2003,8601402.0
NJ,under18,2003,2126014.0
NJ,total,2004,8634561.0
NJ,under18,2004,2129051.0
NJ,total,2002,8552643.0
NJ,under18,2002,2116591.0
NJ,total,2001,8492671.0
NJ,under18,2001,2102838.0
NJ,total,1999,8359592.0
NJ,under18,1999,2066678.0
NJ,total,2000,8430621.0
NJ,under18,2000,2088885.0
NJ,total,1997,8218808.0
NJ,under18,1997,2028349.0
NJ,under18,1998,2042080.0
NJ,total,1998,8287418.0
NJ,total,1995,8083242.0
NJ,under18,1995,1997187.0
NJ,under18,1996,2016502.0
NJ,total,1996,8149596.0
NJ,under18,1992,1890108.0
NJ,total,1992,7880508.0
NJ,total,1993,7948915.0
NJ,under18,1993,1928623.0
NJ,under18,1994,1968232.0
NJ,total,1994,8014306.0
NJ,total,1991,7814676.0
NJ,under18,1991,1849605.0
NJ,under18,1990,1818187.0
NJ,total,1990,7762963.0
NM,total,1990,1521574.0
NM,under18,1990,453538.0
NM,under18,1991,461811.0
NM,total,1991,1555305.0
NM,under18,1994,497542.0
NM,under18,1993,487742.0
NM,total,1993,1636453.0
NM,total,1992,1595442.0
NM,under18,1992,473176.0
NM,total,1994,1682398.0
NM,under18,1996,508100.0
NM,total,1995,1720394.0
NM,under18,1995,504558.0
NM,total,1996,1752326.0
NM,under18,1998,512801.0
NM,total,1998,1793484.0
NM,total,1997,1774839.0
NM,under18,1997,514500.0
NM,under18,1999,511135.0
NM,total,1999,1808082.0
NM,total,2000,1821204.0
NM,under18,2000,508132.0
NM,total,2001,1831690.0
NM,under18,2001,503404.0
NM,total,2002,1855309.0
NM,under18,2002,502779.0
NM,total,2004,1903808.0
NM,under18,2004,501184.0
NM,total,2003,1877574.0
NM,under18,2003,500777.0
NM,total,2005,1932274.0
NM,under18,2005,502612.0
NM,total,2006,1962137.0
NM,under18,2006,505125.0
NM,total,2008,2010662.0
NM,under18,2008,511214.0
NM,total,2007,1990070.0
NM,under18,2007,508725.0
NM,under18,2013,507540.0
NM,total,2013,2085287.0
NM,total,2009,2036802.0
NM,under18,2009,515470.0
NM,total,2010,2064982.0
NM,under18,2010,518763.0
NM,under18,2011,516513.0
NM,total,2011,2077919.0
NM,under18,2012,512314.0
NM,total,2012,2083540.0
NY,total,2012,19576125.0
NY,under18,2012,4264694.0
NY,total,2011,19502728.0
NY,under18,2011,4294555.0
NY,under18,2010,4318033.0
NY,total,2010,19398228.0
NY,total,2009,19307066.0
NY,under18,2009,4342926.0
NY,total,2013,19651127.0
NY,under18,2013,4239976.0
NY,total,2007,19132335.0
NY,under18,2007,4410949.0
NY,total,2008,19212436.0
NY,under18,2008,4372170.0
NY,total,2006,19104631.0
NY,under18,2006,4457777.0
NY,total,2005,19132610.0
NY,under18,2005,4514456.0
NY,total,2003,19175939.0
NY,under18,2003,4619506.0
NY,total,2004,19171567.0
NY,under18,2004,4574065.0
NY,total,2002,19137800.0
NY,under18,2002,4652232.0
NY,total,2001,19082838.0
NY,under18,2001,4672425.0
NY,under18,1999,4672587.0
NY,total,1999,18882725.0
NY,total,2000,19001780.0
NY,under18,2000,4687374.0
NY,under18,1997,4670787.0
NY,total,1997,18656546.0
NY,total,1998,18755906.0
NY,under18,1998,4652140.0
NY,total,1996,18588460.0
NY,under18,1995,4648419.0
NY,total,1995,18524104.0
NY,under18,1996,4667647.0
NY,total,1994,18459470.0
NY,under18,1992,4465539.0
NY,total,1992,18246653.0
NY,total,1993,18374954.0
NY,under18,1993,4538171.0
NY,under18,1994,4605284.0
NY,total,1991,18122510.0
NY,under18,1991,4372727.0
NY,under18,1990,4281643.0
NY,total,1990,18020784.0
NC,under18,1990,1625804.0
NC,total,1990,6664016.0
NC,total,1991,6784280.0
NC,under18,1991,1640394.0
NC,total,1993,7042818.0
NC,under18,1993,1710267.0
NC,under18,1992,1674144.0
NC,total,1992,6897214.0
NC,under18,1994,1750754.0
NC,total,1994,7187398.0
NC,total,1995,7344674.0
NC,under18,1995,1785150.0
NC,under18,1996,1821506.0
NC,total,1996,7500670.0
NC,under18,1998,1894753.0
NC,total,1998,7809122.0
NC,total,1997,7656825.0
NC,under18,1997,1861621.0
NC,total,2000,8081614.0
NC,under18,2000,1967626.0
NC,total,1999,7949362.0
NC,under18,1999,1932141.0
NC,total,2001,8210122.0
NC,under18,2001,2003782.0
NC,total,2002,8326201.0
NC,under18,2002,2034451.0
NC,total,2004,8553152.0
NC,under18,2004,2085165.0
NC,total,2003,8422501.0
NC,under18,2003,2060838.0
NC,total,2005,8705407.0
NC,under18,2005,2122485.0
NC,total,2006,8917270.0
NC,under18,2006,2166393.0
NC,total,2008,9309449.0
NC,under18,2008,2252101.0
NC,total,2007,9118037.0
NC,under18,2007,2219168.0
NC,under18,2013,2285605.0
NC,total,2013,9848060.0
NC,total,2009,9449566.0
NC,under18,2009,2272955.0
NC,total,2010,9559533.0
NC,under18,2010,2282288.0
NC,under18,2011,2284238.0
NC,total,2011,9651377.0
NC,under18,2012,2284122.0
NC,total,2012,9748364.0
ND,total,2012,701345.0
ND,under18,2012,156765.0
ND,total,2011,684867.0
ND,under18,2011,152357.0
ND,under18,2010,150179.0
ND,total,2010,674344.0
ND,total,2009,664968.0
ND,under18,2009,148674.0
ND,total,2013,723393.0
ND,under18,2013,162688.0
ND,total,2007,652822.0
ND,under18,2007,147263.0
ND,total,2008,657569.0
ND,under18,2008,147462.0
ND,total,2006,649422.0
ND,under18,2006,147331.0
ND,total,2005,646089.0
ND,under18,2005,148119.0
ND,total,2003,638817.0
ND,under18,2003,150406.0
ND,total,2004,644705.0
ND,under18,2004,149128.0
ND,total,2002,638168.0
ND,under18,2002,153097.0
ND,total,2001,639062.0
ND,under18,2001,156113.0
ND,total,1999,644259.0
ND,under18,1999,163056.0
ND,total,2000,642023.0
ND,under18,2000,160477.0
ND,total,1997,649716.0
ND,under18,1997,167475.0
ND,under18,1998,165448.0
ND,total,1998,647532.0
ND,under18,1996,169257.0
ND,total,1996,650382.0
ND,total,1995,647832.0
ND,under18,1995,171146.0
ND,under18,1994,172160.0
ND,total,1994,644806.0
ND,under18,1992,172052.0
ND,total,1992,638223.0
ND,total,1993,641216.0
ND,under18,1993,172168.0
ND,total,1991,635753.0
ND,under18,1991,171730.0
ND,under18,1990,170920.0
ND,total,1990,637685.0
OH,under18,1990,2778491.0
OH,total,1990,10864162.0
OH,total,1991,10945762.0
OH,under18,1991,2806959.0
OH,total,1993,11101140.0
OH,under18,1993,2855785.0
OH,under18,1992,2839356.0
OH,total,1992,11029431.0
OH,under18,1994,2875397.0
OH,total,1994,11152455.0
OH,total,1995,11202751.0
OH,under18,1995,2879930.0
OH,under18,1996,2883443.0
OH,total,1996,11242827.0
OH,under18,1998,2896255.0
OH,total,1998,11311536.0
OH,total,1997,11277357.0
OH,under18,1997,2897375.0
OH,total,2000,11363543.0
OH,under18,2000,2886585.0
OH,total,1999,11335454.0
OH,under18,1999,2893270.0
OH,total,2001,11387404.0
OH,under18,2001,2878123.0
OH,total,2002,11407889.0
OH,under18,2002,2865674.0
OH,total,2004,11452251.0
OH,under18,2004,2836068.0
OH,total,2003,11434788.0
OH,under18,2003,2849573.0
OH,total,2005,11463320.0
OH,under18,2005,2819794.0
OH,total,2006,11481213.0
OH,under18,2006,2804828.0
OH,total,2008,11515391.0
OH,under18,2008,2768968.0
OH,total,2007,11500468.0
OH,under18,2007,2790347.0
OH,under18,2013,2649830.0
OH,total,2013,11570808.0
OH,total,2009,11528896.0
OH,under18,2009,2748051.0
OH,total,2010,11545435.0
OH,under18,2010,2722589.0
OH,under18,2011,2693469.0
OH,total,2011,11549772.0
OH,under18,2012,2668125.0
OH,total,2012,11553031.0
OK,total,2012,3815780.0
OK,under18,2012,939911.0
OK,total,2011,3785534.0
OK,under18,2011,935714.0
OK,under18,2010,931483.0
OK,total,2010,3759263.0
OK,total,2009,3717572.0
OK,under18,2009,922711.0
OK,total,2013,3850568.0
OK,under18,2013,947027.0
OK,total,2007,3634349.0
OK,under18,2007,904328.0
OK,total,2008,3668976.0
OK,under18,2008,910617.0
OK,total,2006,3594090.0
OK,under18,2006,894761.0
OK,total,2005,3548597.0
OK,under18,2005,885316.0
OK,total,2003,3504892.0
OK,under18,2003,883959.0
OK,total,2004,3525233.0
OK,under18,2004,881606.0
OK,total,2002,3489080.0
OK,under18,2002,884961.0
OK,total,2001,3467100.0
OK,under18,2001,885218.0
OK,total,1999,3437148.0
OK,under18,1999,895678.0
OK,total,2000,3454365.0
OK,under18,2000,891847.0
OK,total,1997,3372918.0
OK,under18,1997,893835.0
OK,under18,1998,898501.0
OK,total,1998,3405194.0
OK,under18,1996,887093.0
OK,total,1996,3340129.0
OK,total,1995,3308208.0
OK,under18,1995,883667.0
OK,under18,1994,877803.0
OK,total,1994,3280940.0
OK,under18,1992,862548.0
OK,total,1992,3220517.0
OK,total,1993,3252285.0
OK,under18,1993,870137.0
OK,total,1991,3175440.0
OK,under18,1991,849639.0
OK,under18,1990,841715.0
OK,total,1990,3148825.0
OR,under18,1990,742436.0
OR,total,1990,2860375.0
OR,total,1991,2928507.0
OR,under18,1991,752442.0
OR,total,1993,3060367.0
OR,under18,1993,778973.0
OR,under18,1992,770191.0
OR,total,1992,2991755.0
OR,under18,1994,793435.0
OR,total,1994,3121264.0
OR,total,1995,3184369.0
OR,under18,1995,806512.0
OR,under18,1996,816102.0
OR,total,1996,3247111.0
OR,under18,1998,837928.0
OR,total,1998,3352449.0
OR,total,1997,3304310.0
OR,under18,1997,830002.0
OR,total,2000,3429708.0
OR,under18,2000,847511.0
OR,total,1999,3393941.0
OR,under18,1999,843484.0
OR,total,2001,3467937.0
OR,under18,2001,848663.0
OR,total,2002,3513424.0
OR,under18,2002,850733.0
OR,total,2004,3569463.0
OR,under18,2004,846786.0
OR,total,2003,3547376.0
OR,under18,2003,850251.0
OR,total,2005,3613202.0
OR,under18,2005,849323.0
OR,total,2006,3670883.0
OR,under18,2006,857003.0
OR,total,2008,3768748.0
OR,under18,2008,865664.0
OR,total,2007,3722417.0
OR,under18,2007,862161.0
OR,under18,2013,857606.0
OR,total,2013,3930065.0
OR,total,2009,3808600.0
OR,under18,2009,866194.0
OR,total,2010,3837208.0
OR,under18,2010,865129.0
OR,under18,2011,862518.0
OR,total,2011,3867937.0
OR,under18,2012,859910.0
OR,total,2012,3899801.0
PA,total,2012,12764475.0
PA,under18,2012,2737905.0
PA,total,2011,12741310.0
PA,under18,2011,2761343.0
PA,under18,2010,2785316.0
PA,total,2010,12710472.0
PA,total,2009,12666858.0
PA,under18,2009,2804929.0
PA,total,2013,12773801.0
PA,under18,2013,2715645.0
PA,total,2007,12563937.0
PA,under18,2007,2839574.0
PA,total,2008,12612285.0
PA,under18,2008,2821004.0
PA,total,2006,12510809.0
PA,under18,2006,2850778.0
PA,total,2005,12449990.0
PA,under18,2005,2859793.0
PA,total,2003,12374658.0
PA,under18,2003,2883270.0
PA,total,2004,12410722.0
PA,under18,2004,2873125.0
PA,total,2002,12331031.0
PA,under18,2002,2894935.0
PA,total,2001,12298970.0
PA,under18,2001,2905836.0
PA,total,1999,12263805.0
PA,under18,1999,2930193.0
PA,total,2000,12284173.0
PA,under18,2000,2918850.0
PA,total,1997,12227814.0
PA,under18,1997,2942240.0
PA,under18,1998,2940285.0
PA,total,1998,12245672.0
PA,under18,1996,2937411.0
PA,total,1996,12220464.0
PA,total,1995,12198403.0
PA,under18,1995,2941531.0
PA,under18,1994,2932851.0
PA,total,1994,12166050.0
PA,under18,1992,2873013.0
PA,total,1992,12049450.0
PA,total,1993,12119724.0
PA,under18,1993,2907351.0
PA,total,1991,11982164.0
PA,under18,1991,2830059.0
PA,under18,1990,2799168.0
PA,total,1990,11903299.0
RI,under18,1990,225923.0
RI,total,1990,1005995.0
RI,total,1991,1010649.0
RI,under18,1991,229448.0
RI,total,1993,1015113.0
RI,under18,1993,237218.0
RI,under18,1992,232630.0
RI,total,1992,1012581.0
RI,under18,1994,239100.0
RI,total,1994,1015960.0
RI,total,1995,1017002.0
RI,under18,1995,240553.0
RI,under18,1996,240569.0
RI,total,1996,1020893.0
RI,under18,1998,241760.0
RI,total,1998,1031155.0
RI,total,1997,1025353.0
RI,under18,1997,242079.0
RI,total,2000,1050268.0
RI,under18,2000,248065.0
RI,total,1999,1040402.0
RI,under18,1999,247014.0
RI,total,2001,1057142.0
RI,under18,2001,248296.0
RI,total,2002,1065995.0
RI,under18,2002,248690.0
RI,total,2004,1074579.0
RI,under18,2004,246228.0
RI,total,2003,1071342.0
RI,under18,2003,248075.0
RI,total,2005,1067916.0
RI,under18,2005,241932.0
RI,total,2006,1063096.0
RI,under18,2006,237348.0
RI,total,2008,1055003.0
RI,under18,2008,229798.0
RI,total,2007,1057315.0
RI,under18,2007,233655.0
RI,under18,2013,213987.0
RI,total,2013,1051511.0
RI,total,2009,1053646.0
RI,under18,2009,225902.0
RI,total,2010,1052669.0
RI,under18,2010,223088.0
RI,under18,2011,219783.0
RI,total,2011,1050350.0
RI,under18,2012,216591.0
RI,total,2012,1050304.0
SC,total,2012,4723417.0
SC,under18,2012,1077455.0
SC,total,2011,4673509.0
SC,under18,2011,1076524.0
SC,under18,2010,1079978.0
SC,total,2010,4636361.0
SC,total,2009,4589872.0
SC,under18,2009,1079729.0
SC,total,2013,4774839.0
SC,under18,2013,1079798.0
SC,total,2007,4444110.0
SC,under18,2007,1064190.0
SC,total,2008,4528996.0
SC,under18,2008,1074116.0
SC,total,2006,4357847.0
SC,under18,2006,1050042.0
SC,total,2005,4270150.0
SC,under18,2005,1036941.0
SC,total,2003,4150297.0
SC,under18,2003,1023785.0
SC,total,2004,4210921.0
SC,under18,2004,1029111.0
SC,total,2002,4107795.0
SC,under18,2002,1020531.0
SC,total,2001,4064995.0
SC,under18,2001,1016134.0
SC,total,1999,3974682.0
SC,under18,1999,1007050.0
SC,total,2000,4024223.0
SC,under18,2000,1010641.0
SC,total,1997,3859696.0
SC,under18,1997,1001681.0
SC,under18,1998,1006371.0
SC,total,1998,3919235.0
SC,under18,1996,987576.0
SC,total,1996,3796200.0
SC,total,1995,3748582.0
SC,under18,1995,975884.0
SC,under18,1994,969766.0
SC,total,1994,3705397.0
SC,under18,1992,947868.0
SC,total,1992,3620464.0
SC,total,1993,3663314.0
SC,under18,1993,956951.0
SC,total,1991,3570404.0
SC,under18,1991,936122.0
SC,under18,1990,921041.0
SC,total,1990,3501155.0
SD,under18,1990,199453.0
SD,total,1990,697101.0
SD,total,1991,703669.0
SD,under18,1991,201749.0
SD,total,1993,722160.0
SD,under18,1993,207975.0
SD,under18,1992,206632.0
SD,total,1992,712801.0
SD,under18,1994,208443.0
SD,total,1994,730790.0
SD,total,1995,737926.0
SD,under18,1995,207890.0
SD,under18,1996,205780.0
SD,total,1996,742214.0
SD,under18,1998,204786.0
SD,total,1998,746059.0
SD,total,1997,744223.0
SD,under18,1997,205978.0
SD,total,2000,755844.0
SD,under18,2000,202681.0
SD,total,1999,750413.0
SD,under18,1999,203737.0
SD,total,2001,757972.0
SD,under18,2001,200795.0
SD,total,2002,760020.0
SD,under18,2002,198694.0
SD,total,2004,770396.0
SD,under18,2004,196804.0
SD,total,2003,763729.0
SD,under18,2003,197326.0
SD,total,2005,775493.0
SD,under18,2005,196476.0
SD,total,2006,783033.0
SD,under18,2006,197332.0
SD,total,2008,799124.0
SD,under18,2008,199848.0
SD,total,2007,791623.0
SD,under18,2007,198847.0
SD,under18,2013,207959.0
SD,total,2013,844877.0
SD,total,2009,807067.0
SD,under18,2009,201204.0
SD,total,2010,816211.0
SD,under18,2010,203145.0
SD,under18,2011,203948.0
SD,total,2011,823772.0
SD,under18,2012,205298.0
SD,total,2012,834047.0
TN,total,2012,6454914.0
TN,under18,2012,1492689.0
TN,total,2011,6398361.0
TN,under18,2011,1491837.0
TN,under18,2010,1495090.0
TN,total,2010,6356683.0
TN,total,2009,6306019.0
TN,under18,2009,1494687.0
TN,total,2013,6495978.0
TN,under18,2013,1491577.0
TN,total,2007,6175727.0
TN,under18,2007,1482747.0
TN,total,2008,6247411.0
TN,under18,2008,1494354.0
TN,total,2006,6088766.0
TN,under18,2006,1470166.0
TN,total,2005,5991057.0
TN,under18,2005,1449326.0
TN,total,2003,5847812.0
TN,under18,2003,1424861.0
TN,total,2004,5910809.0
TN,under18,2004,1433343.0
TN,total,2002,5795918.0
TN,under18,2002,1414857.0
TN,total,2001,5750789.0
TN,under18,2001,1407578.0
TN,total,1999,5638706.0
TN,under18,1999,1385997.0
TN,total,2000,5703719.0
TN,under18,2000,1399685.0
TN,total,1997,5499233.0
TN,under18,1997,1359030.0
TN,under18,1998,1369987.0
TN,total,1998,5570045.0
TN,under18,1996,1345723.0
TN,total,1996,5416643.0
TN,total,1995,5326936.0
TN,under18,1995,1331616.0
TN,under18,1994,1310988.0
TN,total,1994,5231438.0
TN,under18,1992,1259458.0
TN,total,1992,5049742.0
TN,total,1993,5137584.0
TN,under18,1993,1285044.0
TN,total,1991,4966587.0
TN,under18,1991,1233260.0
TN,under18,1990,1220200.0
TN,total,1990,4894492.0
TX,under18,1990,4906220.0
TX,total,1990,17056755.0
TX,total,1991,17398005.0
TX,under18,1991,5000793.0
TX,total,1993,18161612.0
TX,under18,1993,5217899.0
TX,under18,1992,5109805.0
TX,total,1992,17759738.0
TX,under18,1994,5331524.0
TX,total,1994,18564062.0
TX,total,1995,18958751.0
TX,under18,1995,5421784.0
TX,under18,1996,5551447.0
TX,total,1996,19340342.0
TX,under18,1998,5759054.0
TX,total,1998,20157531.0
TX,total,1997,19740317.0
TX,under18,1997,5655482.0
TX,total,2000,20944499.0
TX,under18,2000,5906301.0
TX,total,1999,20558220.0
TX,under18,1999,5840211.0
TX,total,2001,21319622.0
TX,under18,2001,5980187.0
TX,total,2002,21690325.0
TX,under18,2002,6060372.0
TX,total,2004,22394023.0
TX,under18,2004,6208259.0
TX,total,2003,22030931.0
TX,under18,2003,6132980.0
TX,total,2005,22778123.0
TX,under18,2005,6290970.0
TX,total,2006,23359580.0
TX,under18,2006,6446798.0
TX,total,2008,24309039.0
TX,under18,2008,6675917.0
TX,total,2007,23831983.0
TX,under18,2007,6565872.0
TX,under18,2013,7041986.0
TX,total,2013,26448193.0
TX,total,2009,24801761.0
TX,under18,2009,6792907.0
TX,total,2010,25245178.0
TX,under18,2010,6879014.0
TX,under18,2011,6931758.0
TX,total,2011,25640909.0
TX,under18,2012,6985807.0
TX,total,2012,26060796.0
UT,total,2012,2854871.0
UT,under18,2012,888578.0
UT,total,2011,2814784.0
UT,under18,2011,881350.0
UT,under18,2010,873019.0
UT,total,2010,2774424.0
UT,total,2009,2723421.0
UT,under18,2009,857853.0
UT,total,2013,2900872.0
UT,under18,2013,896589.0
UT,total,2007,2597746.0
UT,under18,2007,815496.0
UT,total,2008,2663029.0
UT,under18,2008,837258.0
UT,total,2006,2525507.0
UT,under18,2006,789957.0
UT,total,2005,2457719.0
UT,under18,2005,767888.0
UT,total,2003,2360137.0
UT,under18,2003,740483.0
UT,total,2004,2401580.0
UT,under18,2004,751771.0
UT,total,2002,2324815.0
UT,under18,2002,733517.0
UT,total,2001,2283715.0
UT,under18,2001,726819.0
UT,total,1999,2203482.0
UT,under18,1999,715398.0
UT,total,2000,2244502.0
UT,under18,2000,721686.0
UT,total,1997,2119784.0
UT,under18,1997,699528.0
UT,under18,1998,709386.0
UT,total,1998,2165961.0
UT,under18,1996,687078.0
UT,total,1996,2067976.0
UT,total,1995,2014179.0
UT,under18,1995,679636.0
UT,under18,1994,673935.0
UT,total,1994,1960446.0
UT,under18,1992,648725.0
UT,total,1992,1836799.0
UT,total,1993,1898404.0
UT,under18,1993,662968.0
UT,total,1991,1779780.0
UT,under18,1991,637216.0
UT,under18,1990,627122.0
UT,total,1990,1731223.0
VT,under18,1990,143296.0
VT,total,1990,564798.0
VT,total,1991,568606.0
VT,under18,1991,145219.0
VT,total,1993,577748.0
VT,under18,1993,148705.0
VT,under18,1992,146983.0
VT,total,1992,572751.0
VT,under18,1994,150794.0
VT,total,1994,583836.0
VT,total,1995,589003.0
VT,under18,1995,151439.0
VT,under18,1996,151490.0
VT,total,1996,593701.0
VT,under18,1998,148467.0
VT,total,1998,600416.0
VT,total,1997,597239.0
VT,under18,1997,150040.0
VT,total,2000,609618.0
VT,under18,2000,147549.0
VT,total,1999,604683.0
VT,under18,1999,147859.0
VT,total,2001,612223.0
VT,under18,2001,146040.0
VT,total,2002,615442.0
VT,under18,2002,144441.0
VT,total,2004,619920.0
VT,under18,2004,141068.0
VT,total,2003,617858.0
VT,under18,2003,142718.0
VT,total,2005,621215.0
VT,under18,2005,138933.0
VT,total,2006,622892.0
VT,under18,2006,136731.0
VT,total,2008,624151.0
VT,under18,2008,132600.0
VT,total,2007,623481.0
VT,under18,2007,134695.0
VT,under18,2013,122701.0
VT,total,2013,626630.0
VT,total,2009,624817.0
VT,under18,2009,130450.0
VT,total,2010,625793.0
VT,under18,2010,128601.0
VT,under18,2011,126500.0
VT,total,2011,626320.0
VT,under18,2012,124555.0
VT,total,2012,625953.0
VA,total,2012,8186628.0
VA,under18,2012,1861323.0
VA,total,2011,8105850.0
VA,under18,2011,1857585.0
VA,under18,2010,1855025.0
VA,total,2010,8024417.0
VA,total,2009,7925937.0
VA,under18,2009,1845132.0
VA,total,2013,8260405.0
VA,under18,2013,1864535.0
VA,total,2007,7751000.0
VA,under18,2007,1834386.0
VA,total,2008,7833496.0
VA,under18,2008,1838361.0
VA,total,2005,7577105.0
VA,under18,2005,1816270.0
VA,total,2006,7673725.0
VA,under18,2006,1826368.0
VA,total,2003,7366977.0
VA,under18,2003,1782254.0
VA,total,2004,7475575.0
VA,under18,2004,1801958.0
VA,total,2002,7286873.0
VA,under18,2002,1771247.0
VA,total,2001,7198362.0
VA,under18,2001,1754549.0
VA,total,1999,7000174.0
VA,under18,1999,1723125.0
VA,total,2000,7105817.0
VA,under18,2000,1741420.0
VA,total,1997,6829183.0
VA,under18,1997,1683766.0
VA,under18,1998,1706261.0
VA,total,1998,6900918.0
VA,under18,1996,1664147.0
VA,total,1996,6750884.0
VA,total,1995,6670693.0
VA,under18,1995,1649005.0
VA,under18,1994,1628711.0
VA,total,1994,6593139.0
VA,under18,1992,1581544.0
VA,total,1992,6414307.0
VA,total,1993,6509630.0
VA,under18,1993,1604758.0
VA,total,1991,6301217.0
VA,under18,1991,1548258.0
VA,under18,1990,1520670.0
VA,total,1990,6216884.0
WA,under18,1990,1301545.0
WA,total,1990,4903043.0
WA,total,1991,5025624.0
WA,under18,1991,1326527.0
WA,total,1993,5278842.0
WA,under18,1993,1387716.0
WA,under18,1992,1365480.0
WA,total,1992,5160757.0
WA,under18,1994,1409922.0
WA,total,1994,5375161.0
WA,total,1995,5481027.0
WA,under18,1995,1429397.0
WA,under18,1996,1449613.0
WA,total,1996,5569753.0
WA,under18,1998,1494784.0
WA,total,1998,5769562.0
WA,total,1997,5674747.0
WA,under18,1997,1473646.0
WA,total,2000,5910512.0
WA,under18,2000,1516361.0
WA,total,1999,5842564.0
WA,under18,1999,1507824.0
WA,total,2001,5985722.0
WA,under18,2001,1517527.0
WA,total,2002,6052349.0
WA,under18,2002,1517655.0
WA,total,2004,6178645.0
WA,under18,2004,1520751.0
WA,total,2003,6104115.0
WA,under18,2003,1514877.0
WA,total,2005,6257305.0
WA,under18,2005,1523890.0
WA,total,2006,6370753.0
WA,under18,2006,1536926.0
WA,total,2008,6562231.0
WA,under18,2008,1560302.0
WA,total,2007,6461587.0
WA,under18,2007,1549582.0
WA,under18,2013,1595795.0
WA,total,2013,6971406.0
WA,total,2009,6667426.0
WA,under18,2009,1574403.0
WA,total,2010,6742256.0
WA,under18,2010,1581436.0
WA,under18,2011,1584709.0
WA,total,2011,6821481.0
WA,under18,2012,1588451.0
WA,total,2012,6895318.0
WV,total,2012,1856680.0
WV,under18,2012,384030.0
WV,total,2011,1855184.0
WV,under18,2011,385283.0
WV,under18,2010,387224.0
WV,total,2010,1854146.0
WV,total,2009,1847775.0
WV,under18,2009,389036.0
WV,total,2013,1854304.0
WV,under18,2013,381678.0
WV,total,2007,1834052.0
WV,under18,2007,390661.0
WV,total,2008,1840310.0
WV,under18,2008,390210.0
WV,total,2006,1827912.0
WV,under18,2006,390637.0
WV,total,2005,1820492.0
WV,under18,2005,390431.0
WV,total,2003,1812295.0
WV,under18,2003,392460.0
WV,total,2004,1816438.0
WV,under18,2004,391856.0
WV,total,2002,1805414.0
WV,under18,2002,393569.0
WV,total,2001,1801481.0
WV,under18,2001,395307.0
WV,total,1999,1811799.0
WV,under18,1999,406784.0
WV,total,2000,1807021.0
WV,under18,2000,401062.0
WV,total,1997,1819113.0
WV,under18,1997,418037.0
WV,under18,1998,412793.0
WV,total,1998,1815609.0
WV,under18,1996,422831.0
WV,total,1996,1822808.0
WV,total,1995,1823700.0
WV,under18,1995,428790.0
WV,under18,1994,429128.0
WV,total,1994,1820421.0
WV,under18,1992,433116.0
WV,total,1992,1806451.0
WV,total,1993,1817539.0
WV,under18,1993,432364.0
WV,total,1991,1798735.0
WV,under18,1991,433918.0
WV,under18,1990,436797.0
WV,total,1990,1792548.0
WI,under18,1990,1302869.0
WI,total,1990,4904562.0
WI,total,1991,4964343.0
WI,under18,1991,1314855.0
WI,total,1993,5084889.0
WI,under18,1993,1337334.0
WI,under18,1992,1330555.0
WI,total,1992,5025398.0
WI,under18,1994,1348110.0
WI,total,1994,5133678.0
WI,total,1995,5184836.0
WI,under18,1995,1351343.0
WI,under18,1996,1352877.0
WI,total,1996,5229986.0
WI,under18,1998,1362907.0
WI,total,1998,5297673.0
WI,total,1997,5266213.0
WI,under18,1997,1359712.0
WI,total,1999,5332666.0
WI,under18,1999,1367019.0
WI,total,2000,5373999.0
WI,under18,2000,1370440.0
WI,total,2001,5406835.0
WI,under18,2001,1367593.0
WI,total,2002,5445162.0
WI,under18,2002,1365315.0
WI,total,2004,5514026.0
WI,under18,2004,1354643.0
WI,total,2003,5479203.0
WI,under18,2003,1358505.0
WI,total,2005,5546166.0
WI,under18,2005,1349866.0
WI,total,2006,5577655.0
WI,under18,2006,1348785.0
WI,total,2008,5640996.0
WI,under18,2008,1345573.0
WI,total,2007,5610775.0
WI,under18,2007,1348901.0
WI,under18,2013,1307776.0
WI,total,2013,5742713.0
WI,total,2009,5669264.0
WI,under18,2009,1342411.0
WI,total,2010,5689060.0
WI,under18,2010,1336094.0
WI,under18,2011,1325870.0
WI,total,2011,5708785.0
WI,under18,2012,1316113.0
WI,total,2012,5724554.0
WY,total,2012,576626.0
WY,under18,2012,136526.0
WY,total,2011,567329.0
WY,under18,2011,135407.0
WY,under18,2010,135351.0
WY,total,2010,564222.0
WY,total,2009,559851.0
WY,under18,2009,134960.0
WY,total,2013,582658.0
WY,under18,2013,137679.0
WY,total,2007,534876.0
WY,under18,2007,128760.0
WY,total,2008,546043.0
WY,under18,2008,131511.0
WY,total,2006,522667.0
WY,under18,2006,125525.0
WY,total,2005,514157.0
WY,under18,2005,124022.0
WY,total,2003,503453.0
WY,under18,2003,124182.0
WY,total,2004,509106.0
WY,under18,2004,123974.0
WY,total,2002,500017.0
WY,under18,2002,125495.0
WY,total,2001,494657.0
WY,under18,2001,126212.0
WY,total,2000,494300.0
WY,under18,2000,128774.0
WY,total,1999,491780.0
WY,under18,1999,130793.0
WY,total,1997,489452.0
WY,under18,1997,134328.0
WY,under18,1998,132602.0
WY,total,1998,490787.0
WY,under18,1996,135698.0
WY,total,1996,488167.0
WY,total,1995,485160.0
WY,under18,1995,136785.0
WY,under18,1994,137733.0
WY,total,1994,480283.0
WY,under18,1992,137308.0
WY,total,1992,466251.0
WY,total,1993,473081.0
WY,under18,1993,137458.0
WY,total,1991,459260.0
WY,under18,1991,136720.0
WY,under18,1990,136078.0
WY,total,1990,453690.0
PR,under18,1990,
PR,total,1990,
PR,total,1991,
PR,under18,1991,
PR,total,1993,
PR,under18,1993,
PR,under18,1992,
PR,total,1992,
PR,under18,1994,
PR,total,1994,
PR,total,1995,
PR,under18,1995,
PR,under18,1996,
PR,total,1996,
PR,under18,1998,
PR,total,1998,
PR,total,1997,
PR,under18,1997,
PR,total,1999,
PR,under18,1999,
PR,total,2000,3810605.0
PR,under18,2000,1089063.0
PR,total,2001,3818774.0
PR,under18,2001,1077566.0
PR,total,2002,3823701.0
PR,under18,2002,1065051.0
PR,total,2004,3826878.0
PR,under18,2004,1035919.0
PR,total,2003,3826095.0
PR,under18,2003,1050615.0
PR,total,2005,3821362.0
PR,under18,2005,1019447.0
PR,total,2006,3805214.0
PR,under18,2006,998543.0
PR,total,2007,3782995.0
PR,under18,2007,973613.0
PR,total,2008,3760866.0
PR,under18,2008,945705.0
PR,under18,2013,814068.0
PR,total,2013,3615086.0
PR,total,2009,3740410.0
PR,under18,2009,920794.0
PR,total,2010,3721208.0
PR,under18,2010,896945.0
PR,under18,2011,869327.0
PR,total,2011,3686580.0
PR,under18,2012,841740.0
PR,total,2012,3651545.0
USA,under18,1990,64218512.0
USA,total,1990,249622814.0
USA,total,1991,252980942.0
USA,under18,1991,65313018.0
USA,under18,1992,66509177.0
USA,total,1992,256514231.0
USA,total,1993,259918595.0
USA,under18,1993,67594938.0
USA,under18,1994,68640936.0
USA,total,1994,263125826.0
USA,under18,1995,69473140.0
USA,under18,1996,70233512.0
USA,total,1995,266278403.0
USA,total,1996,269394291.0
USA,total,1997,272646932.0
USA,under18,1997,70920738.0
USA,under18,1998,71431406.0
USA,total,1998,275854116.0
USA,under18,1999,71946051.0
USA,total,2000,282162411.0
USA,under18,2000,72376189.0
USA,total,1999,279040181.0
USA,total,2001,284968955.0
USA,under18,2001,72671175.0
USA,total,2002,287625193.0
USA,under18,2002,72936457.0
USA,total,2003,290107933.0
USA,under18,2003,73100758.0
USA,total,2004,292805298.0
USA,under18,2004,73297735.0
USA,total,2005,295516599.0
USA,under18,2005,73523669.0
USA,total,2006,298379912.0
USA,under18,2006,73757714.0
USA,total,2007,301231207.0
USA,under18,2007,74019405.0
USA,total,2008,304093966.0
USA,under18,2008,74104602.0
USA,under18,2013,73585872.0
USA,total,2013,316128839.0
USA,total,2009,306771529.0
USA,under18,2009,74134167.0
USA,under18,2010,74119556.0
USA,total,2010,309326295.0
USA,under18,2011,73902222.0
USA,total,2011,311582564.0
USA,under18,2012,73708179.0
USA,total,2012,313873685.0
